frame#,Enalapril RMSD (prot BacKbone),Isovitexin Prot_Backbone,Ngenin-7-O-glucoProt_Backbone,ApoproteinProt_Backbone
0,0,0,0,0
1,1.153,1.415,1.326,1.143
2,1.402,1.472,1.411,1.396
3,1.435,1.406,1.524,1.36
4,1.499,1.377,1.453,1.45
5,1.589,1.449,1.598,1.534
6,1.482,1.356,1.716,1.485
7,1.497,1.316,1.674,1.653
8,1.614,1.344,1.732,1.681
9,1.479,1.481,1.767,1.832
10,1.747,1.407,1.659,1.989
11,1.763,1.449,1.773,1.836
12,1.771,1.519,1.594,1.694
13,1.647,1.519,1.491,1.805
14,1.663,1.486,1.638,2.031
15,1.624,1.555,1.544,1.968
16,1.686,1.538,1.595,1.954
17,1.755,1.525,1.493,1.793
18,1.641,1.587,1.734,1.767
19,1.757,1.656,1.644,1.783
20,1.83,1.61,1.605,1.684
21,1.714,1.655,1.594,1.773
22,1.827,1.593,1.62,1.842
23,1.779,1.783,1.598,1.787
24,1.775,1.665,1.538,1.817
25,1.861,1.59,1.766,1.855
26,1.804,1.522,1.739,1.861
27,1.729,1.646,1.701,1.931
28,1.9,1.653,1.656,1.867
29,1.884,1.569,1.758,1.966
30,1.805,1.507,1.503,1.965
31,1.805,1.652,1.575,1.785
32,1.666,1.547,1.671,1.859
33,1.728,1.632,1.848,1.67
34,1.692,1.56,1.761,1.752
35,1.774,1.781,1.748,1.853
36,1.777,1.698,1.804,1.737
37,1.788,1.765,1.76,1.786
38,1.802,1.747,1.753,1.75
39,1.802,1.821,1.879,1.718
40,1.689,1.662,1.811,1.814
41,1.695,1.731,1.847,1.871
42,1.767,1.627,1.763,1.748
43,1.856,1.631,1.844,1.768
44,1.871,1.712,1.822,1.899
45,1.857,1.748,1.884,1.785
46,1.881,1.861,1.851,1.831
47,1.866,1.718,1.959,1.86
48,1.789,1.72,1.868,1.909
49,1.679,1.725,1.655,1.888
50,1.791,1.686,1.908,1.821
51,1.894,1.883,1.993,1.779
52,1.767,1.884,1.919,1.809
53,1.782,1.747,1.843,1.852
54,1.945,2.001,1.878,1.782
55,1.902,1.801,1.698,2.074
56,1.882,1.697,1.861,1.942
57,1.949,1.773,1.822,2.05
58,1.768,1.765,1.886,2.089
59,1.878,1.792,1.853,1.942
60,1.886,1.847,1.745,1.84
61,1.9,1.737,1.744,1.816
62,1.87,1.798,1.759,1.756
63,1.814,1.696,1.864,1.857
64,1.949,1.64,1.872,1.983
65,1.857,1.889,1.986,1.924
66,1.9,1.883,2.026,1.856
67,1.939,1.763,1.961,1.866
68,2.021,1.747,1.992,1.938
69,1.954,1.803,2.174,1.96
70,1.926,1.876,2.085,2.016
71,1.903,1.917,1.992,1.933
72,1.972,1.727,1.994,2.008
73,1.93,1.836,1.984,1.931
74,2.011,1.914,1.992,1.965
75,1.964,1.718,2.051,1.991
76,1.975,1.975,1.941,1.965
77,2.108,1.821,1.86,1.849
78,1.897,1.868,2.05,1.883
79,1.99,1.989,1.92,1.945
80,1.947,1.965,2.145,1.952
81,1.919,1.948,1.975,1.853
82,1.891,1.978,1.85,1.971
83,1.91,2.003,1.824,1.975
84,1.928,1.898,1.854,1.876
85,1.918,2.018,1.9,1.974
86,2.006,2.101,1.655,2.001
87,1.921,2.113,1.895,1.928
88,1.97,2.065,1.915,2.01
89,1.985,1.975,2.099,2.055
90,1.919,2.03,2.08,2.097
91,1.937,1.955,2.054,1.98
92,1.825,1.939,2.149,2.067
93,1.918,1.945,2.099,2.029
94,1.917,1.94,2.055,1.918
95,1.955,1.95,2.159,1.976
96,1.909,1.89,2.186,1.926
97,2.015,1.862,2.102,2.001
98,1.937,1.915,2.063,1.915
99,1.912,2.032,2.057,1.93
100,1.9,1.99,2.105,2.019
101,2.026,1.855,2.044,1.866
102,2.015,2.023,2.077,1.917
103,1.993,2.006,2.092,1.953
104,2.095,1.908,2.158,2.027
105,2.193,2.057,2.068,2.184
106,2.032,2.042,2.054,1.952
107,1.989,2.146,2.076,1.936
108,1.918,1.889,2.018,1.913
109,2.047,2.071,2.082,1.888
110,2.053,1.968,2.002,2.043
111,2.152,2.026,2.01,1.892
112,2.042,2.065,1.985,2.054
113,2.143,2.056,2.036,1.972
114,2.09,2.073,2.173,2.03
115,2.054,1.979,2.285,2.041
116,1.994,2.092,2.191,2.096
117,1.928,2.047,2.061,2.076
118,1.95,2.137,2.294,2.118
119,1.98,2.074,2.097,2.048
120,1.937,1.907,2.151,2.057
121,2.107,2.01,2.201,1.934
122,2.088,2.074,2.113,2.193
123,2.086,1.984,2.281,2.023
124,2.083,2.077,2.198,2.098
125,2.147,1.996,2.193,2.054
126,2.103,2.008,2.054,1.985
127,2.156,1.936,2.059,2.084
128,2.079,2.042,2.017,1.97
129,2.163,1.973,2.014,2.031
130,2.069,1.892,1.915,2.08
131,2.146,1.968,1.92,1.978
132,2.169,1.914,2.061,1.929
133,2.131,1.919,1.996,2.078
134,2.118,2.06,1.972,2.024
135,2.085,2.076,2.079,1.978
136,2.185,2.088,1.998,2.209
137,2.066,1.99,2.205,1.991
138,2.082,1.925,2.083,1.981
139,2.149,1.953,2.039,2.004
140,2.112,1.908,2.081,1.979
141,2.098,1.993,2.05,2.009
142,2.098,1.893,2.075,1.935
143,2.137,1.949,1.939,1.943
144,2.119,1.866,2.043,2.075
145,2.129,1.903,1.882,2.12
146,2.022,1.825,1.933,1.954
147,2.088,1.776,2.183,2.074
148,2.136,1.808,2.053,1.938
149,2.056,1.904,1.998,1.845
150,2.136,1.854,1.833,2.029
151,2.034,1.837,1.963,2.147
152,2.092,2.051,2.06,2.027
153,2.004,1.932,2.058,2.135
154,2.094,2.01,1.938,2.158
155,2.089,1.95,1.993,2.185
156,2.075,1.95,2.01,1.977
157,2.076,1.991,2.087,2.006
158,2.092,1.947,2.054,2.106
159,2.091,1.94,2.111,2.127
160,2.06,2.004,1.956,2.037
161,2.147,2.028,2.101,1.962
162,2.048,1.937,2.093,1.965
163,2.21,1.984,2.069,1.985
164,2.178,1.86,2.053,2.013
165,2.086,2.04,1.959,1.952
166,2.094,1.924,1.995,1.949
167,2.086,1.892,1.923,1.948
168,2.011,2.046,1.962,1.862
169,1.95,1.968,1.91,1.943
170,2.122,2.062,2.048,1.982
171,2.083,1.931,2.041,2.085
172,2.021,2.106,2.006,1.921
173,2.101,1.99,2.061,1.942
174,2.136,1.968,2.059,2.068
175,2.111,2.053,2.13,2.095
176,2.117,2.068,2.091,2.062
177,2.155,2.126,2.03,1.991
178,2.155,2.184,2.155,1.924
179,2.125,2.178,2.211,2.091
180,2.137,2.118,2.306,2.178
181,2.046,1.992,2.102,2.062
182,2.069,2.203,2.247,2.138
183,2.01,2.322,2.152,2.041
184,2.072,2.11,2.139,2.184
185,2.174,2.3,2.225,2.15
186,2.241,2.317,2.134,2.087
187,2.208,2.237,2.183,2.222
188,2.219,2.194,2.189,2.065
189,2.123,2.163,2.115,2.201
190,2.178,2.168,2.265,2.208
191,2.145,2.177,2.089,2.124
192,2.207,2.116,2.123,2.093
193,2.208,2.256,2.197,2.162
194,2.222,2.136,2.049,2.075
195,2.202,2.277,2.127,2.132
196,2.266,2.356,2.234,2.182
197,2.294,2.209,2.217,2.281
198,2.259,2.168,2.105,2.172
199,2.168,2.351,2.099,2.143
200,2.226,2.455,2.029,2.209
201,2.163,2.334,2.053,2.387
202,2.137,2.222,2.097,2.365
203,2.151,2.186,2.033,2.367
204,2.215,2.251,2.18,2.323
205,2.149,2.248,2.067,2.135
206,2.109,2.269,2.01,2.246
207,2.082,2.281,2.105,2.215
208,2.213,2.284,2.13,2.218
209,2.236,2.307,2.021,2.291
210,2.302,2.359,2.013,2.379
211,2.274,2.275,2.037,2.35
212,2.135,2.249,2.163,2.28
213,2.201,2.328,2.23,2.315
214,2.105,2.408,2.168,2.473
215,2.153,2.262,2.142,2.513
216,2.039,2.305,2.092,2.377
217,2.039,2.198,2.147,2.397
218,2.157,2.23,2.117,2.401
219,2.206,2.244,2.017,2.453
220,2.184,2.28,1.979,2.506
221,2.197,2.358,2.103,2.347
222,2.194,2.272,2.247,2.335
223,2.146,2.263,2.337,2.229
224,2.169,2.198,2.192,2.4
225,2.194,2.222,2.213,2.393
226,2.045,2.207,2.002,2.302
227,2.159,2.264,2.12,2.179
228,2.178,2.459,2.014,2.246
229,2.092,2.225,2.087,2.303
230,2.167,2.2,2.057,2.225
231,2.309,2.317,2.021,2.174
232,2.139,2.378,1.897,2.277
233,2.103,2.367,2.008,2.266
234,2.183,2.294,1.884,2.233
235,2.277,2.34,2.031,2.379
236,2.228,2.363,1.947,2.216
237,2.276,2.277,1.982,2.291
238,2.242,2.298,2.116,2.479
239,2.206,2.258,2.057,2.258
240,2.315,2.3,2.137,2.251
241,2.342,2.399,1.984,2.307
242,2.193,2.368,2.121,2.179
243,2.295,2.352,2.021,2.289
244,2.139,2.353,2.06,2.383
245,2.26,2.394,2.104,2.341
246,2.228,2.303,1.986,2.372
247,2.147,2.197,1.963,2.262
248,2.138,2.448,2.221,2.292
249,2.234,2.4,2.194,2.153
250,2.194,2.275,2.162,2.284
251,2.059,2.358,2.09,2.22
252,2.096,2.331,2.037,2.196
253,2.092,2.409,2.009,2.251
254,2.126,2.483,2.004,2.258
255,2.053,2.319,2.007,2.262
256,2.27,2.267,2.108,2.168
257,2.216,2.357,2.06,2.128
258,2.276,2.279,2.038,2.234
259,2.213,2.234,1.994,2.278
260,2.105,2.347,2.075,2.168
261,2.057,2.304,2.09,2.244
262,2.061,2.26,2.07,2.216
263,2.003,2.285,2.025,2.205
264,2.2,2.291,2.03,2.16
265,2.12,2.42,1.948,2.267
266,2.234,2.327,2.026,2.285
267,2.101,2.341,1.99,2.218
268,2.162,2.457,1.996,2.248
269,2.161,2.367,2.011,2.229
270,2.092,2.298,2.074,2.28
271,2.075,2.334,2.035,2.276
272,2.085,2.385,1.972,2.276
273,2.136,2.437,1.887,2.336
274,2.12,2.283,1.965,2.302
275,2.217,2.45,2.004,2.218
276,2.195,2.469,1.994,2.061
277,2.126,2.625,2.007,2.22
278,2.147,2.497,2.079,2.233
279,2.101,2.389,2.071,2.152
280,2.057,2.405,2.065,2.148
281,2.164,2.446,2.109,2.295
282,2.057,2.411,2.114,2.109
283,2.057,2.456,2.156,2.124
284,2.168,2.403,2.33,2.123
285,2.18,2.472,2.162,2.172
286,2.261,2.424,2.238,2.145
287,2.191,2.452,2.047,2.24
288,2.037,2.381,2.087,2.105
289,2.065,2.295,2.188,2.202
290,2.066,2.308,2.145,2.061
291,2.071,2.447,2.147,2.016
292,2.196,2.486,2.077,2.174
293,2.148,2.311,2.138,2.325
294,2.258,2.441,2.09,2.193
295,2.146,2.355,2.153,2.195
296,2.167,2.514,2.178,2.25
297,2.174,2.3,2.247,2.188
298,2.144,2.33,2.202,2.204
299,2.094,2.431,2.124,2.15
300,2.183,2.289,2.071,2.126
301,2.209,2.316,1.923,2.137
302,2.035,2.345,2.106,2.193
303,2.043,2.337,2.181,2.013
304,2.11,2.486,2.317,2.049
305,2.086,2.388,2.225,2.045
306,2.096,2.409,2.274,2.095
307,2.129,2.278,2.38,2.073
308,2.083,2.564,2.221,2.127
309,2.008,2.438,2.083,1.968
310,2.009,2.491,2.079,1.91
311,2.047,2.407,2.136,2.083
312,2.021,2.417,2.077,2.014
313,2.152,2.272,2.131,2.044
314,2.092,2.451,2.074,1.97
315,2.206,2.306,2.128,1.995
316,2.082,2.325,2.122,2.092
317,2.108,2.244,2.022,1.912
318,2.061,2.329,2.281,1.931
319,2.095,2.172,2.205,2.034
320,2.081,2.407,2.278,2.103
321,2.006,2.234,2.195,2.17
322,2.176,2.44,2.2,2.144
323,2.184,2.463,2.343,2.114
324,2.192,2.397,2.324,2.146
325,2.114,2.319,2.293,2.112
326,2.153,2.372,2.172,2.063
327,2.276,2.437,2.315,2.043
328,2.192,2.289,2.267,2.056
329,2.181,2.36,2.237,2.133
330,2.186,2.358,2.119,2.023
331,2.141,2.328,2.179,2.097
332,2.219,2.386,2.294,2.007
333,2.157,2.215,2.251,2.019
334,2.046,2.275,2.211,2.013
335,2.136,2.313,2.268,2.053
336,2.16,2.371,2.276,2.188
337,2.084,2.261,2.228,2.045
338,2.207,2.247,2.169,2.057
339,2.21,2.272,2.224,2.105
340,2.172,2.275,2.186,2.028
341,2.152,2.326,2.323,2.029
342,2.155,2.254,2.382,2.14
343,2.127,2.329,2.191,2.084
344,2.13,2.225,2.189,1.926
345,2.122,2.392,2.198,2.03
346,2.142,2.132,2.112,2.015
347,2.241,2.24,2.204,2.047
348,2.108,2.271,2.168,1.976
349,2.122,2.268,2.215,2.08
350,2.263,2.295,2.259,2.065
351,2.218,2.358,2.188,2.117
352,2.115,2.309,2.172,2.086
353,2.063,2.229,2.17,1.968
354,2.188,2.269,2.191,2.093
355,2.136,2.246,2.171,2.048
356,2.162,2.376,2.071,2.027
357,2.146,2.361,2.177,2.144
358,2.225,2.27,2.144,2.21
359,2.142,2.251,2.225,2.097
360,2.136,2.222,2.11,2.003
361,2.184,2.367,2.084,1.984
362,2.143,2.37,2.114,2.128
363,2.196,2.168,2.07,2.023
364,2.164,2.297,2.094,2.167
365,2.144,2.346,2.172,2.145
366,2.14,2.373,2.075,2.134
367,2.172,2.418,2.248,2.109
368,2.249,2.278,2.084,2.084
369,2.185,2.155,2.119,2.12
370,2.254,2.22,2.188,2.102
371,2.183,2.272,2.193,2.07
372,2.202,2.37,2.179,1.976
373,2.186,2.228,2.191,2.064
374,2.18,2.165,2.269,2.075
375,2.213,2.321,2.081,2.086
376,2.136,2.237,2.126,1.97
377,2.261,2.141,2.165,2.03
378,2.025,2.255,2.115,1.929
379,2.023,2.241,2.203,1.96
380,2.108,2.309,2.075,2.01
381,2.059,2.197,2.118,1.898
382,2.124,2.245,2.141,1.986
383,2.159,2.313,2.258,2.001
384,2.128,2.194,2.133,1.98
385,2.129,2.285,2.119,1.994
386,2.154,2.355,1.896,2.024
387,2.125,2.411,2.107,1.96
388,2.07,2.255,2.172,1.995
389,2.153,2.346,2.147,1.966
390,2.118,2.306,2.075,1.944
391,2.14,2.251,2.178,1.966
392,2.075,2.262,2.116,2.102
393,2.206,2.078,2.09,2.09
394,2.187,2.434,2.159,2.112
395,2.037,2.266,2.047,2.088
396,2.173,2.391,2.107,2.174
397,2.161,2.292,2.143,2.108
398,2.148,2.385,2.25,2.056
399,2.154,2.258,2.146,2.04
400,2.135,2.316,2.204,2.152
401,2.161,2.277,2.206,2.248
402,2.183,2.288,2.263,2.045
403,2.078,2.282,2.164,2.148
404,2.095,2.5,2.099,2.212
405,2.16,2.319,2.129,2.146
406,2.149,2.35,2.181,2.14
407,2.125,2.377,2.084,2.187
408,2.14,2.368,2.108,2.255
409,2.162,2.529,2.252,2.195
410,2.134,2.547,2.169,2.135
411,2.128,2.498,2.13,2.109
412,2.236,2.461,2.089,2.14
413,2.22,2.48,2.098,2.167
414,2.192,2.52,2.15,2.217
415,2.205,2.393,2.215,2.217
416,2.164,2.464,2.117,2.208
417,2.248,2.368,2.053,2.152
418,2.186,2.369,1.975,2.2
419,2.135,2.426,2.053,2.179
420,2.236,2.483,2.167,2.188
421,2.32,2.455,2.237,2.207
422,2.239,2.552,2.173,2.175
423,2.224,2.503,2.217,2.257
424,2.194,2.331,2.243,2.29
425,2.146,2.307,2.32,2.249
426,2.163,2.466,2.271,2.156
427,2.245,2.418,2.325,2.176
428,2.176,2.417,2.304,2.306
429,2.216,2.512,2.269,2.291
430,2.151,2.422,2.225,2.129
431,2.126,2.328,2.289,2.262
432,2.246,2.473,2.268,2.193
433,2.229,2.428,2.335,2.237
434,2.192,2.428,2.254,2.222
435,2.235,2.381,2.309,2.297
436,2.221,2.376,2.177,2.19
437,2.324,2.365,2.281,2.247
438,2.291,2.42,2.255,2.122
439,2.18,2.499,2.325,2.12
440,2.238,2.498,2.261,2.164
441,2.194,2.505,2.189,2.228
442,2.246,2.338,2.263,2.122
443,2.295,2.362,2.237,2.144
444,2.314,2.507,2.235,2.176
445,2.153,2.577,2.18,2.163
446,2.228,2.353,2.21,2.18
447,2.254,2.352,2.175,2.103
448,2.25,2.462,2.246,2.139
449,2.297,2.319,2.272,2.198
450,2.224,2.529,2.258,2.129
451,2.258,2.291,2.369,1.979
452,2.237,2.368,2.384,2.049
453,2.293,2.312,2.346,2.109
454,2.253,2.367,2.293,2.151
455,2.185,2.457,2.208,2.146
456,2.172,2.375,2.377,2.009
457,2.211,2.381,2.36,2.111
458,2.162,2.271,2.24,2.273
459,2.137,2.303,2.31,2.164
460,2.158,2.262,2.4,2.098
461,2.248,2.411,2.232,2.101
462,2.252,2.271,2.337,2.221
463,2.199,2.219,2.438,2.132
464,2.222,2.306,2.299,2.197
465,2.186,2.233,2.363,2.157
466,2.082,2.335,2.366,2.148
467,2.063,2.22,2.424,2.132
468,2.047,2.282,2.367,2.19
469,2.113,2.321,2.359,2.116
470,2.155,2.248,2.37,2.114
471,2.15,2.331,2.308,2.204
472,2.03,2.418,2.287,2.101
473,2.145,2.369,2.361,2.175
474,2.095,2.335,2.28,2.114
475,2.089,2.421,2.401,2.211
476,2.134,2.296,2.467,2.146
477,2.127,2.256,2.209,2.185
478,2.129,2.253,2.201,2.073
479,2.224,2.226,2.197,2.177
480,2.215,2.287,2.218,2.136
481,2.322,2.349,2.255,2.195
482,2.174,2.351,2.159,2.164
483,2.15,2.31,2.244,2.067
484,2.156,2.31,2.34,2.088
485,2.135,2.465,2.359,2.221
486,2.054,2.424,2.26,2.171
487,2.143,2.306,2.325,2.139
488,2.083,2.308,2.381,2.073
489,2.083,2.392,2.381,2.115
490,2.156,2.305,2.298,2.128
491,2.143,2.511,2.412,2.23
492,2.194,2.335,2.32,2.243
493,2.16,2.343,2.348,2.198
494,2.071,2.32,2.387,2.099
495,2.111,2.357,2.331,2.165
496,2.022,2.317,2.37,2.171
497,2.049,2.292,2.325,2.121
498,2.114,2.18,2.41,2.124
499,2.134,2.332,2.354,2.101
500,2.176,2.443,2.3,2.024
501,2.149,2.423,2.444,2.094
502,2.077,2.524,2.395,2.061
503,2.047,2.381,2.374,2.237
504,2.111,2.387,2.311,2.207
505,2.119,2.426,2.272,2.233
506,2.115,2.36,2.362,2.072
507,2.179,2.389,2.412,2.125
508,2.132,2.412,2.435,2.136
509,2.184,2.456,2.453,2.153
510,2.161,2.474,2.416,1.988
511,2.181,2.386,2.489,2.122
512,2.133,2.501,2.463,1.962
513,2.117,2.394,2.447,2.11
514,2.122,2.504,2.476,2.126
515,2.075,2.424,2.355,2.157
516,2.11,2.457,2.517,2.158
517,2.039,2.451,2.434,2.141
518,2.034,2.341,2.321,2.191
519,2.144,2.234,2.387,2.186
520,2.084,2.434,2.36,2.288
521,2.179,2.421,2.29,2.136
522,2.004,2.359,2.282,2.268
523,2.059,2.371,2.243,2.132
524,2.097,2.363,2.287,2.177
525,2.018,2.374,2.174,2.159
526,2.044,2.371,2.217,2.124
527,2.092,2.486,2.11,2.137
528,2.066,2.377,2.297,2.075
529,2.076,2.319,2.295,2.143
530,2.06,2.259,2.166,2.192
531,2.269,2.251,2.178,2.2
532,2.122,2.298,2.273,2.184
533,2.134,2.292,2.41,2.186
534,2.101,2.23,2.286,2.181
535,2.154,2.174,2.338,2.171
536,2.196,2.226,2.18,2.255
537,2.056,2.2,2.165,2.268
538,2.209,2.347,2.296,2.203
539,2.109,2.364,2.368,2.19
540,2.12,2.336,2.268,2.236
541,2.031,2.331,2.214,2.161
542,2.118,2.347,2.313,2.24
543,2.182,2.372,2.164,2.136
544,2.13,2.372,2.303,2.27
545,2.07,2.408,2.223,2.151
546,2.203,2.22,2.176,2.18
547,2.112,2.261,2.268,2.104
548,2.082,2.137,2.312,2.207
549,2.196,2.127,2.251,2.077
550,2.145,2.308,2.265,2.033
551,2.164,2.279,2.14,2.102
552,2.238,2.322,2.498,2.16
553,2.232,2.503,2.307,2.097
554,2.217,2.431,2.442,2.11
555,2.127,2.445,2.429,2.207
556,2.128,2.489,2.406,2.331
557,2.159,2.346,2.347,2.375
558,2.119,2.422,2.199,2.291
559,2.058,2.367,2.259,2.308
560,2.173,2.601,2.356,2.14
561,2.21,2.534,2.375,2.167
562,2.311,2.399,2.333,2.229
563,2.288,2.476,2.322,2.355
564,2.244,2.515,2.462,2.232
565,2.336,2.483,2.344,2.334
566,2.281,2.494,2.417,2.329
567,2.245,2.429,2.389,2.142
568,2.218,2.46,2.302,2.398
569,2.19,2.456,2.294,2.276
570,2.09,2.501,2.22,2.192
571,2.147,2.284,2.271,2.194
572,2.038,2.376,2.298,2.136
573,2.203,2.391,2.268,2.189
574,2.154,2.404,2.237,2.121
575,2.121,2.428,2.248,2.167
576,2.168,2.347,2.309,2.214
577,2.215,2.457,2.221,2.14
578,2.07,2.573,2.354,2.166
579,2.162,2.387,2.169,2.242
580,2.17,2.362,2.257,2.058
581,2.101,2.489,2.137,2.265
582,2.267,2.42,2.341,2.345
583,2.248,2.41,2.278,2.243
584,2.076,2.483,2.329,2.179
585,2.134,2.421,2.286,2.187
586,2.144,2.539,2.288,2.161
587,2.183,2.489,2.367,2.114
588,2.25,2.46,2.31,2.259
589,2.207,2.354,2.271,2.151
590,2.252,2.507,2.315,2.139
591,2.265,2.635,2.244,2.216
592,2.241,2.433,2.138,2.196
593,2.153,2.319,2.177,2.111
594,2.169,2.353,2.242,2.233
595,2.175,2.317,2.256,2.142
596,2.18,2.304,2.267,2.227
597,2.197,2.322,2.272,2.182
598,2.159,2.343,2.284,2.1
599,2.061,2.374,2.326,2.196
600,2.197,2.353,2.215,2.16
601,2.257,2.328,2.229,2.088
602,2.171,2.418,2.212,2.098
603,2.101,2.317,2.22,2.231
604,2.082,2.446,2.238,2.177
605,2.169,2.359,2.227,2.203
606,2.102,2.344,2.301,2.065
607,2.188,2.333,2.181,2.07
608,2.207,2.279,2.21,2.215
609,2.09,2.323,2.314,2.351
610,2.129,2.343,2.198,2.284
611,2.169,2.513,2.226,2.202
612,2.094,2.434,2.254,2.198
613,2.119,2.484,2.217,2.198
614,2.008,2.541,2.269,2.314
615,2.071,2.445,2.332,2.15
616,2.146,2.497,2.331,2.142
617,2.096,2.442,2.287,2.293
618,2.156,2.533,2.198,2.186
619,2.132,2.559,2.266,2.133
620,2.179,2.373,2.331,2.134
621,2.238,2.406,2.246,2.161
622,2.101,2.391,2.382,2.169
623,2.151,2.365,2.296,2.165
624,2.279,2.482,2.4,2.217
625,2.139,2.234,2.214,2.271
626,2.177,2.279,2.288,2.201
627,2.14,2.312,2.299,2.285
628,2.2,2.344,2.246,2.174
629,2.241,2.423,2.342,2.139
630,2.342,2.504,2.245,2.2
631,2.27,2.404,2.278,2.226
632,2.348,2.382,2.352,2.237
633,2.313,2.446,2.299,2.326
634,2.261,2.332,2.309,2.077
635,2.326,2.416,2.304,2.181
636,2.325,2.269,2.302,2.229
637,2.223,2.301,2.3,2.214
638,2.207,2.363,2.249,2.266
639,2.242,2.385,2.228,2.283
640,2.225,2.296,2.283,2.419
641,2.3,2.198,2.323,2.271
642,2.316,2.336,2.315,2.261
643,2.338,2.324,2.372,2.355
644,2.232,2.331,2.331,2.224
645,2.149,2.361,2.319,2.25
646,2.214,2.386,2.387,2.2
647,2.235,2.388,2.364,2.191
648,2.301,2.214,2.375,2.179
649,2.23,2.24,2.287,2.12
650,2.272,2.175,2.224,2.37
651,2.296,2.441,2.269,2.318
652,2.285,2.474,2.178,2.123
653,2.334,2.35,2.31,2.313
654,2.301,2.378,2.212,2.231
655,2.292,2.385,2.266,2.454
656,2.408,2.351,2.291,2.259
657,2.267,2.448,2.354,2.285
658,2.403,2.51,2.484,2.187
659,2.296,2.426,2.294,2.106
660,2.3,2.327,2.373,2.236
661,2.313,2.483,2.306,2.237
662,2.297,2.372,2.233,2.091
663,2.208,2.453,2.275,2.117
664,2.23,2.371,2.256,2.046
665,2.299,2.367,2.283,2.117
666,2.281,2.385,2.347,2.098
667,2.234,2.4,2.382,2.166
668,2.229,2.433,2.282,2.17
669,2.236,2.579,2.156,2.099
670,2.276,2.543,2.219,2.195
671,2.295,2.521,2.24,2.177
672,2.309,2.484,2.252,2.017
673,2.303,2.489,2.233,2.285
674,2.247,2.41,2.302,2.259
675,2.359,2.432,2.263,2.247
676,2.253,2.427,2.231,2.222
677,2.358,2.512,2.162,2.213
678,2.294,2.344,2.196,2.209
679,2.376,2.365,2.205,2.186
680,2.301,2.411,2.158,2.145
681,2.348,2.43,2.021,2.16
682,2.378,2.353,2.152,2.106
683,2.276,2.422,2.04,2.218
684,2.319,2.475,2.147,2.226
685,2.337,2.427,2.174,2.144
686,2.384,2.39,2.356,2.122
687,2.279,2.321,2.303,2.078
688,2.348,2.234,2.29,2.179
689,2.293,2.43,2.25,2.08
690,2.345,2.499,2.237,2.081
691,2.345,2.357,2.156,2.155
692,2.341,2.457,2.217,2.235
693,2.352,2.422,2.231,2.126
694,2.305,2.55,2.167,2.076
695,2.358,2.506,2.246,2.129
696,2.277,2.434,2.123,2.156
697,2.399,2.544,2.169,2.132
698,2.233,2.445,2.195,2.063
699,2.429,2.469,2.188,2.112
700,2.438,2.451,2.282,2.084
701,2.366,2.331,2.391,2.063
702,2.313,2.417,2.262,2.152
703,2.352,2.413,2.229,2.102
704,2.345,2.366,2.275,2.258
705,2.356,2.351,2.266,2.4
706,2.347,2.321,2.266,2.289
707,2.381,2.574,2.278,2.313
708,2.255,2.722,2.233,2.274
709,2.32,2.543,2.149,2.302
710,2.282,2.543,2.045,2.139
711,2.345,2.593,2.231,2.174
712,2.421,2.498,2.208,2.293
713,2.431,2.515,2.281,2.194
714,2.406,2.501,2.171,2.17
715,2.368,2.705,2.109,2.113
716,2.365,2.552,2.198,2.31
717,2.373,2.553,2.233,2.295
718,2.196,2.507,2.162,2.273
719,2.418,2.548,2.101,2.181
720,2.332,2.601,2.151,2.187
721,2.341,2.582,2.213,2.124
722,2.333,2.44,2.134,2.122
723,2.266,2.492,2.133,2.27
724,2.409,2.453,2.068,2.186
725,2.359,2.478,2.144,2.094
726,2.387,2.411,2.165,2.236
727,2.389,2.535,2.161,2.117
728,2.384,2.41,2.269,2.317
729,2.266,2.592,2.195,2.327
730,2.26,2.544,2.092,2.292
731,2.287,2.501,2.2,2.463
732,2.338,2.461,2.07,2.391
733,2.368,2.52,2.145,2.27
734,2.356,2.697,2.115,2.265
735,2.334,2.491,2.258,2.308
736,2.403,2.61,2.278,2.311
737,2.402,2.586,2.252,2.231
738,2.275,2.482,2.222,2.132
739,2.221,2.421,2.208,2.232
740,2.286,2.479,2.229,2.208
741,2.312,2.469,2.152,2.293
742,2.168,2.299,2.192,2.127
743,2.283,2.285,2.277,2.159
744,2.227,2.526,2.295,2.172
745,2.221,2.527,2.115,2.291
746,2.292,2.478,2.197,2.295
747,2.215,2.388,2.246,2.21
748,2.196,2.448,2.243,2.112
749,2.188,2.526,2.12,2.265
750,2.194,2.574,2.221,2.326
751,2.237,2.294,2.247,2.218
752,2.187,2.504,2.168,2.291
753,2.183,2.367,2.174,2.159
754,2.281,2.404,2.16,2.187
755,2.229,2.419,2.217,2.243
756,2.225,2.245,2.16,2.206
757,2.27,2.337,2.188,2.223
758,2.215,2.342,2.104,2.416
759,2.228,2.336,2.215,2.336
760,2.319,2.418,2.281,2.282
761,2.342,2.373,2.193,2.177
762,2.314,2.341,2.227,2.301
763,2.283,2.311,2.123,2.135
764,2.297,2.177,2.228,2.089
765,2.243,2.337,2.175,2.25
766,2.308,2.433,2.138,2.343
767,2.285,2.575,2.253,2.318
768,2.356,2.542,2.338,2.213
769,2.21,2.621,2.274,2.269
770,2.209,2.439,2.171,2.211
771,2.214,2.462,2.179,2.254
772,2.189,2.559,2.218,2.178
773,2.221,2.527,2.159,2.236
774,2.193,2.64,2.255,2.202
775,2.258,2.704,2.297,2.256
776,2.355,2.48,2.202,2.259
777,2.255,2.44,2.164,2.259
778,2.259,2.462,2.198,2.297
779,2.276,2.368,2.18,2.245
780,2.373,2.309,2.16,2.34
781,2.249,2.368,2.223,2.243
782,2.324,2.443,2.302,2.338
783,2.273,2.356,2.331,2.254
784,2.393,2.416,2.215,2.397
785,2.274,2.296,2.202,2.252
786,2.324,2.318,2.27,2.367
787,2.242,2.383,2.264,2.261
788,2.27,2.382,2.261,2.277
789,2.357,2.56,2.215,2.294
790,2.244,2.352,2.232,2.22
791,2.306,2.456,2.199,2.261
792,2.281,2.477,2.299,2.369
793,2.348,2.348,2.245,2.301
794,2.222,2.433,2.38,2.268
795,2.298,2.338,2.351,2.372
796,2.273,2.301,2.303,2.241
797,2.3,2.268,2.464,2.295
798,2.324,2.324,2.504,2.309
799,2.193,2.289,2.386,2.291
800,2.235,2.469,2.366,2.411
801,2.196,2.402,2.392,2.315
802,2.284,2.322,2.328,2.186
803,2.189,2.275,2.427,2.251
804,2.161,2.314,2.364,2.372
805,2.123,2.328,2.371,2.224
806,2.188,2.343,2.475,2.307
807,2.27,2.321,2.405,2.396
808,2.376,2.346,2.42,2.428
809,2.309,2.399,2.55,2.341
810,2.267,2.403,2.522,2.473
811,2.352,2.37,2.436,2.335
812,2.194,2.36,2.44,2.409
813,2.261,2.334,2.443,2.317
814,2.23,2.451,2.406,2.403
815,2.257,2.317,2.422,2.201
816,2.265,2.354,2.498,2.21
817,2.335,2.415,2.516,2.359
818,2.213,2.327,2.619,2.403
819,2.236,2.361,2.498,2.215
820,2.211,2.346,2.489,2.278
821,2.292,2.294,2.517,2.329
822,2.249,2.239,2.57,2.508
823,2.156,2.371,2.468,2.28
824,2.22,2.265,2.437,2.217
825,2.192,2.234,2.486,2.244
826,2.233,2.31,2.479,2.266
827,2.222,2.468,2.439,2.192
828,2.247,2.41,2.455,2.239
829,2.24,2.337,2.581,2.237
830,2.222,2.335,2.358,2.298
831,2.286,2.335,2.523,2.143
832,2.213,2.374,2.412,2.199
833,2.252,2.456,2.409,2.208
834,2.273,2.263,2.398,2.385
835,2.324,2.336,2.474,2.339
836,2.259,2.324,2.441,2.379
837,2.165,2.342,2.367,2.367
838,2.3,2.241,2.371,2.394
839,2.291,2.266,2.295,2.362
840,2.281,2.349,2.359,2.293
841,2.359,2.304,2.315,2.288
842,2.318,2.336,2.48,2.271
843,2.374,2.405,2.427,2.344
844,2.352,2.39,2.43,2.328
845,2.265,2.34,2.385,2.454
846,2.215,2.35,2.344,2.312
847,2.251,2.334,2.342,2.322
848,2.268,2.357,2.304,2.296
849,2.279,2.394,2.319,2.288
850,2.373,2.503,2.352,2.381
851,2.327,2.418,2.373,2.323
852,2.422,2.565,2.301,2.384
853,2.339,2.517,2.413,2.29
854,2.323,2.444,2.363,2.235
855,2.266,2.386,2.352,2.335
856,2.283,2.282,2.37,2.217
857,2.255,2.307,2.376,2.325
858,2.376,2.418,2.326,2.351
859,2.311,2.376,2.298,2.311
860,2.323,2.459,2.197,2.245
861,2.265,2.506,2.315,2.148
862,2.322,2.471,2.356,2.168
863,2.286,2.389,2.275,2.122
864,2.409,2.453,2.334,2.079
865,2.247,2.521,2.311,2.063
866,2.357,2.417,2.268,2.175
867,2.384,2.362,2.359,2.173
868,2.347,2.285,2.305,2.3
869,2.297,2.391,2.263,2.158
870,2.264,2.245,2.305,2.189
871,2.471,2.298,2.311,2.181
872,2.337,2.436,2.23,2.188
873,2.265,2.365,2.369,2.399
874,2.322,2.372,2.325,2.329
875,2.288,2.317,2.17,2.225
876,2.17,2.305,2.267,2.317
877,2.338,2.311,2.301,2.207
878,2.255,2.322,2.311,2.222
879,2.204,2.339,2.223,2.151
880,2.34,2.361,2.3,2.193
881,2.352,2.367,2.184,2.237
882,2.477,2.283,2.29,2.343
883,2.336,2.382,2.401,2.3
884,2.326,2.361,2.307,2.125
885,2.391,2.175,2.31,2.192
886,2.318,2.275,2.3,2.123
887,2.378,2.267,2.297,2.174
888,2.381,2.292,2.23,2.127
889,2.388,2.333,2.234,2.289
890,2.236,2.441,2.281,2.166
891,2.316,2.323,2.319,2.243
892,2.213,2.285,2.341,2.348
893,2.371,2.2,2.488,2.36
894,2.243,2.176,2.416,2.369
895,2.347,2.215,2.397,2.241
896,2.33,2.16,2.352,2.346
897,2.303,2.164,2.365,2.25
898,2.348,2.243,2.363,2.327
899,2.353,2.235,2.467,2.289
900,2.307,2.33,2.483,2.343
901,2.296,2.146,2.386,2.4
902,2.331,2.29,2.438,2.463
903,2.19,2.324,2.455,2.302
904,2.361,2.294,2.421,2.415
905,2.376,2.234,2.466,2.252
906,2.39,2.356,2.337,2.182
907,2.287,2.322,2.375,2.176
908,2.398,2.273,2.328,2.124
909,2.355,2.246,2.353,2.157
910,2.263,2.276,2.346,1.999
911,2.354,2.271,2.328,2.246
912,2.351,2.431,2.34,2.214
913,2.351,2.261,2.222,2.201
914,2.435,2.299,2.417,2.157
915,2.342,2.392,2.378,2.257
916,2.388,2.305,2.385,2.168
917,2.393,2.313,2.288,2.278
918,2.406,2.391,2.311,2.321
919,2.366,2.374,2.353,2.386
920,2.295,2.348,2.38,2.218
921,2.363,2.357,2.249,2.259
922,2.474,2.528,2.31,2.351
923,2.534,2.379,2.331,2.224
924,2.428,2.403,2.435,2.426
925,2.393,2.398,2.475,2.219
926,2.33,2.261,2.427,2.263
927,2.326,2.305,2.483,2.284
928,2.317,2.281,2.455,2.195
929,2.336,2.235,2.456,2.296
930,2.369,2.192,2.351,2.288
931,2.282,2.3,2.416,2.396
932,2.345,2.186,2.394,2.479
933,2.298,2.144,2.412,2.36
934,2.281,2.205,2.314,2.244
935,2.284,2.249,2.266,2.343
936,2.316,2.272,2.47,2.231
937,2.404,2.28,2.291,2.429
938,2.225,2.361,2.286,2.291
939,2.28,2.244,2.297,2.27
940,2.277,2.331,2.301,2.315
941,2.348,2.287,2.252,2.316
942,2.341,2.488,2.39,2.359
943,2.325,2.392,2.425,2.41
944,2.292,2.385,2.276,2.485
945,2.381,2.322,2.447,2.311
946,2.409,2.259,2.351,2.196
947,2.371,2.362,2.483,2.16
948,2.256,2.337,2.411,2.22
949,2.238,2.219,2.337,2.331
950,2.326,2.291,2.413,2.185
951,2.279,2.295,2.429,2.279
952,2.279,2.228,2.393,2.388
953,2.256,2.367,2.35,2.396
954,2.379,2.276,2.238,2.462
955,2.28,2.205,2.423,2.397
956,2.24,2.31,2.496,2.382
957,2.199,2.445,2.562,2.402
958,2.264,2.421,2.369,2.289
959,2.287,2.337,2.406,2.211
960,2.25,2.291,2.487,2.197
961,2.241,2.167,2.379,2.242
962,2.3,2.241,2.316,2.264
963,2.162,2.325,2.371,2.15
964,2.154,2.24,2.292,2.377
965,2.165,2.214,2.408,2.591
966,2.187,2.207,2.318,2.477
967,2.235,2.211,2.443,2.466
968,2.204,2.215,2.283,2.517
969,2.239,2.205,2.329,2.504
970,2.198,2.206,2.457,2.386
971,2.186,2.219,2.42,2.483
972,2.275,2.232,2.496,2.535
973,2.275,2.368,2.351,2.577
974,2.171,2.21,2.351,2.481
975,2.267,2.26,2.404,2.545
976,2.264,2.365,2.513,2.506
977,2.262,2.436,2.4,2.385
978,2.192,2.412,2.484,2.614
979,2.16,2.449,2.47,2.443
980,2.235,2.363,2.471,2.366
981,2.268,2.335,2.438,2.517
982,2.185,2.33,2.339,2.468
983,2.305,2.441,2.475,2.55
984,2.256,2.407,2.45,2.408
985,2.28,2.388,2.498,2.303
986,2.231,2.414,2.473,2.405
987,2.244,2.325,2.493,2.504
988,2.259,2.354,2.362,2.412
989,2.351,2.382,2.39,2.487
990,2.318,2.327,2.298,2.435
991,2.264,2.387,2.353,2.579
992,2.233,2.403,2.353,2.472
993,2.132,2.385,2.366,2.335
994,2.232,2.261,2.484,2.578
995,2.235,2.268,2.439,2.516
996,2.205,2.193,2.422,2.329
997,2.194,2.383,2.412,2.594
998,2.199,2.351,2.302,2.391
999,2.213,2.448,2.483,2.417
1000,2.163,2.538,2.424,2.356
