Residue#,apoprotein RMSFBackbone,isovitexin RMSFBackbone,Narin-7-o-gluco RMSFBackbone, enalapril RMSF Backbone
0,3.325,6.112,4.87,4.727
1,1.756,4.594,2.925,2.768
2,1.362,3.485,2.376,1.914
3,1.253,3.232,2.171,1.479
4,1.233,2.777,2.152,1.391
5,1.155,1.927,1.953,1.281
6,1.008,1.716,1.635,0.994
7,1.014,2.183,1.646,0.926
8,1.034,2.096,1.639,0.981
9,0.944,1.642,1.345,0.871
10,0.892,1.353,1.2,0.715
11,1.025,1.665,1.376,0.859
12,1.074,1.479,1.337,0.962
13,0.94,0.903,1.049,0.679
14,1.069,0.885,1.225,0.709
15,1.309,0.961,1.469,0.934
16,0.974,0.839,1.193,0.743
17,0.837,0.736,1.005,0.666
18,0.773,0.717,1.107,0.679
19,0.767,0.741,1.1,0.634
20,0.76,0.749,1.087,0.677
21,0.729,0.651,0.938,0.609
22,0.711,0.624,0.971,0.567
23,0.807,0.717,1.164,0.605
24,0.814,0.687,1.119,0.592
25,0.724,0.597,1.049,0.57
26,0.729,0.617,1.174,0.551
27,0.809,0.628,1.333,0.568
28,0.786,0.611,1.187,0.562
29,0.727,0.624,1.033,0.569
30,0.778,0.673,0.883,0.597
31,0.793,0.695,0.859,0.571
32,0.801,0.762,0.921,0.64
33,0.858,1.043,0.886,0.673
34,0.883,0.878,0.935,0.632
35,1.011,1.008,1.028,0.703
36,1.022,1.139,1.575,0.758
37,1.221,1.427,2.659,0.96
38,1.228,1.266,2.777,1.016
39,1.011,0.96,3.665,0.863
40,0.957,1.089,2.031,0.723
41,1.057,1.194,1.956,0.805
42,0.974,1.07,2.15,0.766
43,1.005,1.034,2.019,0.738
44,1.026,1.163,1.429,0.775
45,1.024,1.195,1.365,0.774
46,1.065,1.078,1.408,0.751
47,1.09,1.087,1.548,0.796
48,1.102,1.177,1.77,0.803
49,1.064,1.106,1.536,0.757
50,0.931,0.946,1.218,0.705
51,0.951,1.017,1.136,0.765
52,0.999,1.12,1.138,0.802
53,0.905,0.966,0.954,0.762
54,0.932,0.97,0.918,0.721
55,1.05,1.031,0.987,0.783
56,1.143,1.118,0.99,1.001
57,1.001,1.1,0.949,1.201
58,1.182,1.064,1.075,1.334
59,1.353,1.251,1.322,1.366
60,1.303,1.347,1.362,1.638
61,1.289,1.296,1.369,1.445
62,1.62,1.38,1.743,2.108
63,1.595,1.52,1.937,2.11
64,1.418,1.416,1.928,1.532
65,1.434,1.602,2.265,1.528
66,1.419,1.616,2.352,1.776
67,1.571,1.908,2.868,2.054
68,1.417,1.997,2.803,2
69,1.338,1.721,2.485,1.551
70,1.554,1.831,2.591,1.425
71,1.244,1.232,2.178,0.992
72,1.236,1.059,1.902,0.904
73,1.173,0.995,1.668,0.849
74,1.016,0.952,1.61,0.755
75,0.995,0.981,1.685,0.844
76,1.031,0.97,1.467,0.885
77,1.001,0.946,1.246,0.73
78,0.995,1.015,1.335,0.763
79,1.152,1.111,1.489,0.873
80,1.202,1.176,1.282,0.86
81,1.174,1.159,1.126,0.773
82,1.304,1.368,1.452,0.872
83,1.533,1.38,1.609,0.856
84,1.428,1.192,1.508,0.938
85,1.547,0.973,1.499,0.844
86,2.029,0.986,1.433,0.764
87,1.909,1.193,1.583,0.838
88,1.402,1.092,1.463,0.788
89,1.325,1.15,1.489,0.814
90,1.469,1.304,1.615,0.943
91,1.734,1.505,1.923,1.259
92,1.637,1.417,1.875,1.081
93,1.276,1.12,1.412,0.866
94,1.266,1.005,1.472,0.753
95,1.372,1.101,1.549,0.808
96,1.242,0.995,1.348,0.727
97,1.037,0.897,1.241,0.63
98,1.177,1.033,1.459,0.687
99,1.122,0.958,1.335,0.695
100,0.977,0.945,1.094,0.653
101,1.15,1.239,1.202,0.665
102,1.193,1.042,1.302,0.705
103,0.947,0.96,1.139,0.701
104,0.97,0.962,1.127,0.793
105,1.234,1.316,1.259,0.78
106,1.031,1.136,1.198,0.748
107,1.021,1.108,1.198,0.829
108,1.032,1.025,1.252,0.872
109,1.193,1.14,1.221,1.093
110,1.196,1.093,1.433,1.001
111,1.284,1.056,1.417,0.994
112,1.1,1.037,1.247,0.766
113,1.101,1.042,1.455,0.807
114,1.572,1.573,1.878,1.143
115,2.166,2.237,2.511,1.77
116,3.048,3.272,3.251,2.546
117,3.467,4.379,3.725,3.172
118,2.874,3.948,3.357,2.932
119,2.854,4.674,3.379,3.039
120,2.636,3.613,3.411,2.943
121,2.047,2.716,2.76,2.011
122,1.656,1.829,2.411,1.138
123,1.287,1.333,1.954,0.834
124,1.244,1.463,2.076,0.817
125,1.245,1.562,2.113,0.876
126,1.599,1.935,2.779,0.908
127,1.639,2.269,1.965,0.914
128,1.178,1.624,1.491,0.844
129,1.024,1.447,1.335,0.843
130,1.326,1.759,1.4,0.967
131,1.233,1.911,1.367,1.037
132,1.091,1.852,1.34,1.066
133,1.248,1.92,1.462,1.088
134,1.401,2.295,1.685,1.261
135,1.424,2.235,1.672,1.445
136,1.414,2.39,1.846,1.333
137,1.566,3.093,2.355,1.572
138,1.416,2.189,1.838,1.211
139,1.262,1.627,1.466,1.025
140,1.242,1.497,1.438,1.042
141,1.167,1.451,1.38,0.962
142,1.002,1.212,1.304,0.773
143,0.934,1.051,1.335,0.766
144,0.936,1.05,1.275,0.796
145,0.897,0.966,1.191,0.713
146,0.768,0.769,0.87,0.657
147,0.783,0.787,0.999,0.757
148,0.842,0.892,1.191,0.746
149,0.789,0.82,1.035,0.792
150,0.951,0.797,0.875,1.013
151,1.149,1.138,1.155,0.95
152,1.123,1.189,1.232,1.05
153,0.89,0.918,0.873,1.016
154,0.958,0.858,0.905,1.072
155,0.887,0.802,0.862,1.041
156,0.874,0.74,0.793,0.868
157,0.741,0.662,0.735,0.666
158,0.737,0.646,0.698,0.568
159,0.757,0.707,0.841,0.659
160,0.689,0.66,0.799,0.577
161,0.681,0.639,0.728,0.546
162,0.753,0.74,0.791,0.585
163,0.767,0.708,0.835,0.578
164,0.697,0.644,0.778,0.548
165,0.787,0.694,0.771,0.655
166,0.756,0.719,0.848,0.589
167,0.732,0.67,0.889,0.582
168,0.724,0.629,0.775,0.611
169,0.736,0.665,0.761,0.595
170,0.765,0.737,0.937,0.59
171,0.833,0.765,0.955,0.57
172,0.858,0.757,0.865,0.561
173,0.945,0.819,1.052,0.626
174,1.045,0.946,1.22,0.66
175,1.168,1.003,1.203,0.675
176,1.21,1.035,1.19,0.739
177,1.019,0.86,0.986,0.654
178,0.939,0.835,1.001,0.665
179,0.726,0.667,0.784,0.58
180,0.729,0.673,0.819,0.591
181,0.798,0.674,0.88,0.671
182,0.935,0.727,0.888,0.66
183,1.147,0.774,0.935,0.685
184,1.16,0.755,0.956,0.717
185,1.102,0.703,0.765,0.748
186,1.289,0.821,0.859,0.835
187,1.38,0.871,0.826,1.099
188,0.964,0.819,0.685,0.918
189,0.906,0.955,0.719,0.899
190,0.874,1.121,0.789,0.913
191,1.416,1.575,1.208,1.648
192,1.704,1.966,1.555,1.873
193,1.412,1.818,1.35,1.362
194,1.442,1.936,1.323,1.437
195,1.211,1.937,1.135,1.199
196,0.864,0.766,0.854,0.787
197,0.836,0.715,0.818,0.739
198,0.822,0.737,0.76,0.739
199,0.927,0.842,0.839,0.738
200,0.929,0.801,0.785,0.713
201,0.914,0.769,0.812,0.81
202,0.793,0.695,0.761,0.714
203,0.764,0.664,0.784,0.786
204,0.797,0.7,0.818,0.835
205,0.736,0.643,0.769,0.725
206,0.685,0.593,0.709,0.703
207,0.645,0.632,0.701,0.718
208,0.719,0.72,0.76,0.757
209,0.754,0.765,0.782,0.784
210,0.675,0.649,0.691,0.769
211,0.618,0.579,0.664,0.689
212,0.665,0.619,0.697,0.683
213,0.681,0.726,0.766,0.697
214,0.62,0.659,0.731,0.608
215,0.616,0.638,0.73,0.58
216,0.676,0.776,0.898,0.606
217,0.622,0.687,0.858,0.553
218,0.555,0.518,0.662,0.476
219,0.57,0.554,0.678,0.493
220,0.565,0.535,0.622,0.477
221,0.516,0.496,0.564,0.443
222,0.502,0.499,0.575,0.438
223,0.539,0.545,0.616,0.483
224,0.578,0.559,0.604,0.483
225,0.583,0.595,0.615,0.534
226,0.606,0.649,0.645,0.6
227,0.7,0.76,0.73,0.669
228,0.797,0.83,0.8,0.72
229,0.824,0.837,0.819,0.736
230,0.878,0.912,0.9,0.845
231,1.045,1.097,1.031,1.063
232,1.174,1.137,1.115,1.141
233,1.148,1.075,1.144,1.02
234,1.311,1.275,1.468,1.249
235,1.509,1.434,1.479,1.316
236,1.431,1.145,1.35,0.989
237,0.954,0.944,1.035,0.829
238,0.834,0.924,0.988,0.805
239,0.792,1.083,1.212,0.833
240,0.737,0.915,0.957,0.804
241,0.588,0.777,0.772,0.652
242,0.539,0.688,0.647,0.622
243,0.518,0.63,0.578,0.554
244,0.599,0.675,0.67,0.569
245,0.669,0.719,0.791,0.615
246,0.708,0.858,0.969,0.652
247,0.756,0.979,0.987,0.813
248,0.766,1.076,1.088,0.776
249,0.95,1.083,1.221,0.782
250,0.766,0.886,1.206,0.687
251,0.68,0.928,1.436,0.7
252,0.684,0.983,1.444,0.787
253,0.698,1.025,1.343,0.928
254,0.735,1.288,1.252,0.833
255,0.678,1.177,1.281,0.722
256,0.659,1.137,1.153,0.585
257,0.811,1.266,1.184,0.698
258,0.957,1.318,1.036,0.801
259,0.818,1.13,0.752,0.62
260,0.74,0.904,0.682,0.68
261,0.936,1.219,0.861,0.827
262,1.011,1.315,0.835,0.758
263,0.896,1.097,0.709,0.702
264,1.019,1.199,0.759,0.844
265,1.413,1.364,0.818,1.133
266,1.649,1.541,0.86,1.839
267,2.195,2.089,1.188,2.266
268,2.227,1.808,1.165,1.537
269,1.834,1.662,1.011,1.114
270,1.7,1.726,1.199,1.064
271,1.287,1.604,1.212,1.075
272,1.102,1.239,0.908,1.339
273,1.281,1.313,1.125,1.524
274,1.209,1.389,1.235,1.646
275,1.48,1.236,0.948,2.016
276,1.697,1.212,1.042,2.362
277,1.581,1.129,0.957,2.821
278,1.579,1.178,0.957,2.478
279,1.946,1.411,1.153,2.732
280,2.133,1.576,1.274,2.352
281,1.997,1.575,1.275,2.702
282,1.903,1.538,1.164,2.677
283,1.543,1.293,0.962,2.164
284,1.207,1.049,0.926,1.972
285,1.482,1.141,1.025,2.01
286,1.36,1.089,0.97,1.658
287,1.095,0.973,0.874,1.361
288,0.93,0.826,0.79,1.129
289,0.882,0.786,0.797,1.023
290,0.959,0.822,0.9,1.074
291,1.042,0.836,0.954,1.041
292,1.023,0.79,0.881,0.906
293,1.015,0.77,0.889,0.897
294,1.113,0.855,0.972,0.867
295,1.009,0.822,1.014,0.723
296,0.935,0.85,1.093,0.706
297,1.058,1.11,1.338,0.824
298,1.135,1.125,1.503,0.864
299,1.086,1.197,1.545,0.86
300,1.092,1.273,1.495,0.932
301,0.987,1.053,1.204,0.816
302,1.104,1.062,1.262,0.958
303,1.279,1.13,1.352,1.096
304,1.291,1.153,1.363,1.133
305,1.514,1.31,1.486,1.337
306,1.525,1.432,1.815,1.752
307,1.201,1.305,1.382,1.195
308,0.973,0.926,1.022,0.835
309,0.906,0.834,1.022,0.813
310,0.944,0.852,1.115,0.829
311,0.888,0.856,0.996,0.772
312,0.795,0.808,0.894,0.715
313,0.75,0.779,0.851,0.714
314,0.75,0.902,0.919,0.744
315,0.92,1.007,1.112,0.919
316,1.114,1.245,1.364,1.132
317,1.512,1.656,2.016,1.471
318,1.835,2.911,1.719,2.408
319,1.889,2.949,2.487,2.035
320,2.127,2.813,3.02,2.12
321,1.526,2.207,1.947,1.525
322,1.126,1.642,1.265,0.914
323,0.986,1.491,1.14,0.827
324,0.926,1.33,1.439,0.761
325,0.965,1.087,1.148,0.774
326,0.849,0.888,0.858,0.702
327,0.722,0.7,0.774,0.73
328,0.647,0.62,0.737,0.684
329,0.633,0.605,0.803,0.709
330,0.624,0.601,0.79,0.63
331,0.646,0.638,0.787,0.627
332,0.685,0.633,0.83,0.662
333,0.707,0.658,0.933,0.655
334,0.839,0.787,1.232,0.779
335,0.793,0.744,1.075,0.752
336,0.669,0.629,0.812,0.636
337,0.609,0.589,0.759,0.652
338,0.622,0.592,0.721,0.642
339,0.611,0.614,0.722,0.593
340,0.665,0.672,0.764,0.62
341,0.693,0.799,0.895,0.668
342,0.791,0.911,0.933,0.791
343,0.844,0.939,0.934,1.05
344,0.955,1.068,0.94,1.536
345,1.187,1.174,0.945,1.681
346,1.026,1.053,0.855,1.391
347,0.87,0.93,0.801,1.323
348,0.837,0.898,0.823,1.266
349,0.771,0.81,0.743,1.181
350,0.712,0.783,0.65,1.043
351,0.654,0.74,0.656,0.903
352,0.656,0.705,0.641,0.889
353,0.713,0.729,0.599,0.918
354,0.611,0.758,0.606,0.849
355,0.564,0.602,0.564,0.66
356,0.589,0.616,0.594,0.685
357,0.563,0.583,0.624,0.67
358,0.545,0.564,0.628,0.651
359,0.517,0.508,0.645,0.679
360,0.539,0.518,0.728,0.636
361,0.566,0.566,0.776,0.633
362,0.541,0.504,0.778,0.654
363,0.612,0.543,1.014,0.72
364,0.733,0.626,1.057,0.752
365,0.899,0.662,1.183,0.831
366,1.038,0.706,1.668,0.917
367,1.248,0.821,1.629,1.002
368,1.341,0.875,1.301,1.041
369,1.018,0.763,0.92,0.797
370,0.999,0.794,0.883,0.696
371,1.01,0.769,0.801,0.646
372,1.05,0.904,0.913,0.669
373,0.856,0.909,0.92,0.694
374,0.75,1.043,0.869,0.755
375,0.727,1.343,1.107,0.698
376,0.71,0.757,0.664,0.763
377,0.647,0.816,0.626,0.785
378,0.565,0.659,0.543,0.712
379,0.597,0.622,0.568,0.66
380,0.571,0.655,0.513,0.64
381,0.549,0.599,0.559,0.684
382,0.545,0.541,0.652,0.67
383,0.538,0.567,0.537,0.586
384,0.558,0.632,0.513,0.674
385,0.63,0.682,0.57,0.701
386,0.603,0.645,0.693,0.6
387,0.625,0.619,0.623,0.537
388,0.671,0.685,0.693,0.539
389,0.693,0.692,0.766,0.587
390,0.708,0.646,0.774,0.64
391,0.662,0.716,0.784,0.616
392,0.66,0.797,0.721,0.568
393,0.696,0.778,0.714,0.596
394,0.683,0.742,0.635,0.636
395,0.678,0.711,0.643,0.613
396,0.871,0.758,0.669,0.746
397,0.983,0.859,0.776,0.821
398,0.939,0.895,0.749,0.739
399,0.957,0.884,0.712,0.721
400,1.253,1.014,0.81,0.876
401,1.398,1.161,0.939,0.981
402,1.374,1.246,1.024,0.975
403,1.463,1.197,0.999,1.001
404,1.316,1.102,0.889,0.998
405,1.413,1.089,0.901,1.001
406,1.723,1.275,1.097,1.102
407,2.142,1.642,1.535,1.227
408,2.497,1.7,1.733,1.293
409,3.057,1.96,2.555,1.544
410,3.116,1.504,1.924,1.571
411,4.015,1.572,1.574,1.782
412,3.126,1.096,1.173,1.428
413,2.602,0.944,0.922,1.301
414,2.234,0.797,0.791,1.01
415,1.264,0.754,0.796,0.849
416,0.882,0.715,0.744,0.774
417,0.749,0.618,0.643,0.692
418,0.705,0.631,0.676,0.693
419,0.652,0.621,0.686,0.573
420,0.575,0.598,0.624,0.483
421,0.586,0.658,0.609,0.508
422,0.631,0.707,0.661,0.565
423,0.577,0.683,0.654,0.539
424,0.548,0.674,0.623,0.497
425,0.593,0.855,0.704,0.565
426,0.647,1.07,0.953,0.685
427,0.785,0.705,0.898,0.762
428,0.781,0.623,0.907,0.732
429,0.704,0.911,1.085,0.649
430,0.535,0.588,0.683,0.561
431,0.567,0.525,0.603,0.571
432,0.606,0.494,0.522,0.57
433,0.542,0.483,0.512,0.521
434,0.557,0.566,0.58,0.643
435,0.519,0.529,0.535,0.587
436,0.522,0.481,0.512,0.492
437,0.616,0.472,0.58,0.547
438,0.567,0.439,0.684,0.59
439,0.535,0.452,0.745,0.608
440,0.558,0.448,0.725,0.615
441,0.565,0.525,0.997,0.729
442,0.562,0.601,1.208,0.839
443,0.581,0.808,1.308,0.895
444,0.607,1.026,1.449,1.022
445,0.634,1.435,1.896,1.278
446,0.746,1.613,2.089,1.378
447,0.816,1.513,1.992,1.213
448,0.838,1.31,1.744,1.108
449,0.842,1.018,1.38,1.026
450,0.851,0.928,1.289,1.051
451,0.879,1.005,1.462,1.106
452,0.835,0.84,1.149,1.086
453,0.737,0.653,0.796,0.85
454,0.648,0.552,0.905,0.786
455,0.676,0.511,1.126,0.88
456,0.913,0.552,1.059,0.93
457,0.69,0.546,0.756,0.706
458,0.595,0.5,0.597,0.604
459,0.605,0.483,0.67,0.572
460,0.653,0.522,0.744,0.588
461,0.569,0.509,0.692,0.577
462,0.517,0.483,0.664,0.566
463,0.512,0.534,0.697,0.617
464,0.611,0.588,0.71,0.81
465,0.625,0.548,0.639,0.79
466,0.532,0.518,0.596,0.734
467,0.467,0.502,0.584,0.611
468,0.5,0.518,0.633,0.55
469,0.543,0.577,0.717,0.524
470,0.619,0.622,0.787,0.578
471,0.71,0.76,0.866,0.697
472,0.706,0.83,0.818,0.762
473,0.819,1.175,0.964,0.918
474,0.967,0.977,0.951,1.055
475,0.776,0.848,0.839,1.119
476,0.82,0.865,0.876,0.892
477,0.799,0.9,0.833,0.718
478,0.725,0.674,0.702,0.666
479,0.814,0.639,0.7,0.568
480,0.92,0.541,0.688,0.645
481,1.042,0.854,0.898,0.848
482,1.029,1.027,0.833,0.607
483,0.962,0.944,0.843,0.716
484,0.781,0.655,0.858,0.755
485,0.796,0.629,0.817,1.316
486,0.968,0.653,0.824,0.79
487,0.89,0.7,1.079,0.79
488,0.838,0.736,1.418,0.835
489,1.005,0.844,1.414,0.791
490,0.798,1.01,1.172,0.817
491,0.915,0.737,0.817,0.715
492,0.822,0.79,0.694,0.741
493,0.63,0.549,0.664,0.612
494,0.532,0.492,0.541,0.557
495,0.542,0.498,0.512,0.569
496,0.628,0.495,0.575,0.589
497,0.551,0.477,0.493,0.573
498,0.551,0.488,0.514,0.587
499,0.579,0.567,0.531,0.624
500,0.709,0.862,0.678,0.698
501,0.788,0.774,0.683,0.652
502,0.633,0.716,0.584,0.577
503,0.597,0.735,0.576,0.566
504,0.658,0.703,0.595,0.532
505,0.64,0.729,0.629,0.542
506,0.54,0.728,0.633,0.518
507,0.572,0.67,0.624,0.488
508,0.656,0.762,0.763,0.553
509,0.635,0.804,0.801,0.588
510,0.605,0.675,0.704,0.523
511,0.638,0.722,0.838,0.546
512,0.737,0.948,1.013,0.701
513,0.805,0.947,1.032,0.756
514,0.886,0.96,1.161,0.819
515,0.939,1.124,1.267,0.883
516,0.971,1.159,1.183,0.863
517,1.546,1.524,1.718,1.414
518,1.369,1.516,1.298,1.082
519,1.199,1.238,1.021,0.85
520,1.085,0.986,0.809,0.69
521,1.174,1.018,0.815,0.766
522,1.018,1.087,0.935,0.737
523,0.923,0.941,0.914,0.642
524,1.031,1.213,1.105,0.656
525,1.025,1.267,0.963,0.692
526,1.243,1.891,1.044,0.962
527,1.242,2.175,1.152,0.972
528,1.076,1.734,1.007,0.794
529,1.097,1.643,0.957,0.844
530,1.045,1.34,0.993,0.822
531,0.896,1.116,1.011,0.704
532,0.91,0.998,0.883,0.715
533,0.922,1.231,0.873,0.7
534,0.779,1.491,0.964,0.666
535,0.719,1.129,0.91,0.725
536,0.802,1.085,0.822,0.749
537,0.831,1.349,0.968,0.846
538,0.703,1.185,0.895,0.993
539,0.858,0.783,0.721,1.068
540,0.829,0.753,0.86,1.11
541,0.795,0.841,0.934,1.248
542,0.709,0.912,0.831,1.043
543,0.805,0.94,0.848,1.038
544,0.872,0.884,0.881,0.851
545,0.794,0.841,0.762,0.727
546,0.713,0.846,0.72,0.623
547,0.65,0.795,0.666,0.599
548,0.642,0.696,0.721,0.599
549,0.675,0.775,0.812,0.655
550,0.687,0.867,0.79,0.664
551,0.697,0.832,0.798,0.635
552,0.736,0.977,0.961,0.714
553,0.82,1.349,0.983,0.828
554,0.834,1.289,0.98,0.815
555,0.858,1.445,1.072,0.811
556,0.867,1.294,1.292,0.847
557,0.816,0.944,1.1,0.832
558,0.829,0.729,1.002,0.749
559,0.878,0.705,0.929,0.713
560,0.91,0.701,0.958,0.714
561,0.837,0.658,0.875,0.681
562,0.78,0.649,0.838,0.596
563,0.737,0.729,0.805,0.567
564,0.65,0.688,0.703,0.529
565,0.657,0.579,0.688,0.515
566,0.718,0.685,0.83,0.552
567,0.72,0.798,0.856,0.531
568,0.685,0.69,0.766,0.507
569,0.654,0.684,0.78,0.511
570,0.738,0.78,0.918,0.574
571,0.77,0.738,0.879,0.615
572,0.653,0.643,0.776,0.537
573,0.684,0.747,0.824,0.584
574,0.782,0.803,0.875,0.654
575,0.745,0.703,0.784,0.609
576,0.716,0.657,0.732,0.628
577,0.847,0.816,0.866,0.731
578,0.898,0.9,0.901,0.74
579,0.924,0.899,0.875,0.79
580,0.961,0.961,0.975,0.886
581,1.207,1.388,1.276,1.208
582,1.378,1.599,1.408,1.398
583,1.136,1.289,1.093,1.136
584,1.051,1.103,1.074,1.076
585,0.955,1.076,1.212,1.08
586,0.852,1.074,1.1,1.019
587,0.704,0.869,0.984,0.875
588,0.738,0.891,1.079,0.89
589,0.784,1.05,1.713,1.321
590,0.938,1.027,1.805,1.477
591,0.78,0.944,1.517,1.147
592,0.834,0.939,1.259,0.876
593,0.919,0.987,1.249,0.966
594,1.148,1.172,1.378,1.194
595,2.48,2.516,2.565,2.477
596,4.329,4.356,4.497,4.17
